CAR_ID;BUY_PRICE;MAINT_PRICE;DOORS;PERSONS;LUG;SAFETY;ACCEPT
1;24645;low;2;2;med;high;0
2;34488;low;5;4;big;med;2
3;11446;low;2;2;med;med;0
4;109086;low;4;2;med;med;0
5;52898;high;4;4;big;med;0
6;93816;vhigh;4;more;big;high;1
7;75154;high;4;4;small;high;0
8;76984;low;4;4;med;low;0
9;35971;med;2;more;small;low;0
10;63871;vhigh;2;2;small;high;0
11;73524;vhigh;2;2;med;low;0
12;150684;vhigh;4;4;small;med;0
13;68086;low;3;more;big;med;1
14;8495;high;3;more;big;med;1
15;92186;med;5;more;small;high;1
16;22009;vhigh;2;4;big;med;1
17;9078;med;5;2;big;med;0
18;48097;med;3;2;small;high;0
19;71488;low;5;more;big;low;0
20;3980;med;2;4;big;low;0
21;6278;low;2;4;med;low;0
22;66308;med;4;more;small;low;0
23;44758;vhigh;2;2;small;high;0
24;94708;low;3;2;small;med;0
25;46530;high;4;more;small;high;1
26;73033;high;2;4;big;high;3
27;24752;med;2;more;big;high;3
28;23628;med;4;more;big;med;2
29;164078;low;5;2;big;med;0
30;45100;low;2;4;big;high;3
31;42561;med;2;4;med;high;1
32;117996;vhigh;4;2;small;low;0
33;99718;high;4;4;med;high;1
34;48124;vhigh;4;4;med;low;0
35;31006;med;5;4;small;high;1
36;194329;high;3;2;small;med;0
37;83480;high;5;4;big;med;1
38;2499;med;3;2;big;high;0
39;150974;low;2;more;small;med;0
40;79912;low;5;4;big;med;1
41;139628;low;5;4;med;low;0
42;86213;vhigh;5;more;small;high;0
43;40312;vhigh;3;more;small;high;1
44;190042;low;3;4;med;high;1
45;41123;med;5;4;med;med;1
46;34901;med;4;more;big;med;1
47;144567;low;2;2;med;med;0
48;5900;low;2;2;small;low;0
49;78308;high;3;2;med;high;0
50;81323;low;4;more;small;low;0
51;124884;vhigh;2;2;med;med;0
52;76518;high;2;more;big;high;3
53;52637;vhigh;4;2;med;high;0
54;146290;low;2;more;big;high;1
55;99769;med;2;4;small;high;1
56;49036;high;3;2;med;high;0
57;33977;med;4;2;med;med;0
58;12224;high;5;2;med;med;0
59;19129;vhigh;5;more;med;high;0
60;35253;vhigh;5;4;med;low;0
61;124842;med;2;4;big;low;0
62;99638;high;2;4;med;med;0
63;6649;vhigh;5;2;small;low;0
64;79477;med;4;more;big;low;0
65;146404;low;3;2;med;high;0
66;24463;high;3;2;big;med;0
67;61774;vhigh;2;4;big;med;0
68;128989;low;4;4;big;low;0
69;64299;vhigh;4;2;big;high;0
70;118101;vhigh;2;more;med;high;1
71;2930;high;5;more;small;med;0
72;70049;low;3;4;big;high;1
73;7018;vhigh;4;more;big;med;1
74;3208;med;4;more;small;low;0
75;185292;high;4;more;small;low;0
76;88774;low;3;more;med;high;1
77;30658;high;3;4;big;med;1
78;21571;med;3;2;big;med;0
79;72921;med;3;more;med;low;0
80;13814;high;5;4;small;low;0
81;117360;vhigh;2;4;med;med;0
82;100301;low;2;4;big;med;1
83;64118;med;4;4;med;med;2
84;22334;low;3;4;big;high;3
85;47448;vhigh;5;more;big;high;0
86;155049;low;3;4;small;low;0
87;12470;med;5;2;big;high;0
88;151490;vhigh;3;2;big;low;0
89;61735;high;2;more;big;med;1
90;143374;vhigh;3;2;big;high;0
91;120905;high;3;more;small;high;1
92;16856;low;5;2;med;med;0
93;61813;low;5;4;big;high;1
94;47884;low;2;4;big;low;0
95;113216;high;2;4;big;low;0
96;28217;med;2;2;big;med;0
97;54590;high;2;more;small;low;0
98;149864;high;5;4;med;low;0
99;33981;med;3;2;med;med;0
100;191598;high;3;4;small;high;0
101;85400;med;3;more;big;med;1
102;132603;med;4;more;small;med;0
103;60287;low;4;more;small;low;0
104;113257;high;4;2;med;high;0
105;36825;med;4;more;big;high;3
106;31283;vhigh;5;more;med;low;0
107;180027;med;3;4;small;med;0
108;49879;vhigh;2;2;big;low;0
109;92645;med;3;more;small;med;0
110;59455;med;3;2;med;high;0
111;95159;med;4;more;small;high;1
112;15843;med;2;more;big;med;1
113;18291;med;2;2;med;med;0
114;155849;low;5;more;small;med;0
115;66516;low;4;more;big;low;0
116;196109;high;2;more;small;low;0
117;11325;high;3;2;small;med;0
118;32389;vhigh;4;2;med;high;0
119;65261;med;4;2;med;med;0
120;60912;low;3;4;med;med;1
121;51790;med;4;4;big;high;3
122;37874;vhigh;3;4;big;high;1
123;335;vhigh;5;more;small;low;0
124;87112;low;4;4;small;low;0
125;108408;med;5;2;med;med;0
126;119111;high;2;2;med;med;0
127;42485;low;5;more;med;low;0
128;17870;low;2;2;small;low;0
129;46640;vhigh;5;2;med;high;0
130;70980;vhigh;3;4;big;low;0
131;128582;vhigh;4;4;big;med;0
132;62178;high;3;4;med;med;0
133;61688;high;2;2;med;low;0
134;186424;high;4;2;small;high;0
135;169842;low;2;4;small;med;0
136;77990;low;5;more;big;med;2
137;167406;vhigh;5;2;small;high;0
138;24555;low;4;4;small;low;0
139;142721;high;5;4;big;high;0
140;22750;high;2;more;med;med;1
141;113129;high;3;4;big;med;1
142;59562;vhigh;2;4;big;high;1
143;169091;vhigh;5;2;med;low;0
144;196722;low;3;4;big;low;0
145;124243;high;3;more;med;low;0
146;45082;high;3;more;big;high;3
147;186252;high;2;more;big;high;0
148;64536;high;3;more;big;high;1
149;101748;vhigh;2;2;small;high;0
150;28681;low;5;4;small;low;0
151;56161;low;3;2;med;low;0
152;617;high;3;2;med;med;0
153;85857;high;3;4;big;low;0
154;52763;high;4;more;big;high;1
155;55652;high;5;4;small;med;0
156;62011;med;4;2;small;med;0
157;25113;low;3;2;big;high;0
158;38346;high;2;4;med;high;0
159;23329;low;4;4;small;low;0
160;71323;low;3;more;med;low;0
161;177996;med;4;2;med;high;0
162;29276;vhigh;3;2;med;med;0
163;76457;high;3;4;small;high;1
164;85278;high;2;4;med;low;0
165;96617;low;3;more;med;high;1
166;163638;med;2;2;big;high;0
167;167465;vhigh;4;4;big;low;0
168;34540;low;2;4;small;low;0
169;188788;med;5;4;med;low;0
170;69999;vhigh;4;more;small;med;0
171;64985;high;2;2;big;med;0
172;93090;vhigh;5;4;med;high;0
173;8357;med;2;2;med;high;0
174;99984;vhigh;2;4;med;high;1
175;15989;low;2;4;big;med;2
176;69029;vhigh;5;4;big;med;1
177;174567;high;2;2;big;high;0
178;14295;med;4;2;big;med;0
179;165286;med;4;more;big;high;1
180;144795;med;4;2;med;med;0
181;79761;vhigh;3;4;big;med;1
182;56645;vhigh;5;more;small;high;1
183;74909;low;4;2;big;high;0
184;92947;low;5;2;small;high;0
185;126360;high;2;4;small;med;0
186;47092;med;2;more;med;med;1
187;8087;high;4;2;big;med;0
188;113148;high;5;2;med;med;0
189;69049;vhigh;3;more;small;med;0
190;52368;med;4;2;med;high;0
191;20012;high;4;2;med;high;0
192;47801;med;5;more;big;high;3
193;35649;vhigh;5;4;big;high;0
194;12669;low;4;more;med;med;1
195;94143;vhigh;5;4;med;low;0
196;80714;low;5;more;big;low;0
197;3620;high;2;2;small;high;0
198;56728;med;4;more;small;low;0
199;105231;med;5;more;big;low;0
200;146441;vhigh;3;more;med;high;0
201;41645;high;3;4;med;high;1
202;167829;low;5;2;med;high;0
203;106253;low;4;more;big;med;2
204;39246;med;2;more;med;low;0
205;78961;vhigh;3;more;big;med;1
206;16833;vhigh;4;more;small;high;0
207;14383;med;4;4;big;high;3
208;65767;high;2;4;med;med;1
209;121158;vhigh;5;2;small;low;0
210;8690;low;2;more;big;high;3
211;84944;med;2;2;small;low;0
212;56433;low;4;2;med;low;0
213;142825;med;5;2;big;med;0
214;42489;high;5;more;small;med;1
215;186215;vhigh;3;4;small;low;0
216;57022;vhigh;3;4;small;low;0
217;58669;med;4;4;big;med;1
218;37793;med;5;2;small;high;0
219;57743;med;5;4;big;low;0
220;166850;vhigh;5;more;big;low;0
221;111264;med;2;2;med;high;0
222;33009;vhigh;2;2;med;med;0
223;97697;low;3;2;small;high;0
224;53513;high;2;4;med;high;1
225;78003;low;5;more;med;high;3
226;64916;med;4;4;small;med;1
227;20381;high;5;more;med;med;1
228;31861;low;3;more;med;med;2
229;9620;med;3;2;big;med;0
230;85632;low;3;2;med;med;0
231;16452;vhigh;3;2;big;high;0
232;7889;low;3;4;med;low;0
233;76071;low;3;2;small;high;0
234;52813;vhigh;3;more;small;high;1
235;17224;vhigh;3;4;small;high;1
236;36101;high;2;2;med;high;0
237;37161;med;3;2;small;med;0
238;71829;low;5;4;small;high;1
239;54192;vhigh;2;more;big;low;0
240;176249;low;3;2;med;low;0
241;79781;low;4;4;med;high;1
242;39235;vhigh;5;2;small;high;0
243;1679;vhigh;4;2;med;med;0
244;36945;med;2;2;small;med;0
245;33872;vhigh;4;4;small;med;0
246;45469;med;5;more;med;low;0
247;71127;med;2;4;med;med;0
248;31533;med;4;4;small;med;0
249;77247;high;3;more;med;low;0
250;53017;med;5;2;small;low;0
251;41910;med;5;4;med;high;1
252;41906;vhigh;4;2;med;med;0
253;11528;vhigh;3;more;med;high;1
254;105834;high;3;2;small;low;0
255;34470;high;4;more;med;high;1
256;11888;low;2;4;small;med;0
257;128115;vhigh;3;2;big;med;0
258;7767;high;4;2;big;high;0
259;154640;vhigh;3;4;small;med;0
260;195544;vhigh;4;2;small;low;0
261;7428;med;3;more;big;high;3
262;68494;low;3;2;big;low;0
263;10372;med;5;4;small;high;2
264;72756;high;2;2;med;low;0
265;54754;med;2;4;big;high;1
266;195580;low;3;more;big;high;1
267;60628;high;3;more;med;low;0
268;119826;med;4;more;med;med;1
269;72584;low;2;2;med;med;0
270;8773;med;4;4;med;high;3
271;24291;low;5;more;med;low;0
272;181551;med;3;more;small;low;0
273;48426;med;3;more;small;high;2
274;10421;high;5;4;med;med;0
275;176614;low;2;2;small;high;0
276;95438;med;4;4;med;high;1
277;58415;low;3;2;med;med;0
278;78302;high;3;2;big;high;0
279;48301;low;5;more;med;low;0
280;39766;high;4;more;big;med;1
281;22506;med;2;more;med;med;0
282;100279;high;3;4;small;med;0
283;79919;vhigh;2;more;small;low;0
284;3482;high;4;more;big;low;0
285;25478;med;3;4;small;high;2
286;197160;med;5;2;med;high;0
287;117615;low;2;2;big;med;0
288;96872;high;4;2;big;high;0
289;39476;med;3;2;small;high;0
290;23376;low;2;more;med;low;0
291;47174;low;4;more;small;low;0
292;25892;low;3;more;small;low;0
293;39030;low;2;2;small;med;0
294;34127;med;5;2;small;med;0
295;27876;high;2;2;big;high;0
296;172632;low;5;2;med;high;0
297;42765;med;5;more;small;med;1
298;164414;vhigh;4;2;big;low;0
299;236;low;5;4;med;high;3
300;45614;med;4;2;small;med;0
301;193807;low;4;more;med;high;1
302;48936;high;3;4;med;low;0
303;119300;low;3;4;small;low;0
304;115946;med;2;more;small;low;0
305;43209;vhigh;3;4;med;med;0
306;82839;med;4;4;small;med;1
307;513;low;2;2;med;low;0
308;75931;vhigh;5;4;small;low;0
309;105607;vhigh;5;more;med;med;1
310;77010;high;3;4;big;high;1
311;102780;low;5;4;small;med;0
312;91512;high;2;4;big;med;1
313;55724;low;5;more;small;high;2
314;19393;vhigh;3;more;big;high;1
315;25024;med;3;4;med;low;0
316;114822;high;5;2;med;high;0
317;66167;vhigh;2;more;med;low;0
318;153543;low;2;4;med;med;0
319;26924;low;4;2;small;med;0
320;178847;high;3;4;small;med;0
321;155916;med;4;2;med;low;0
322;69492;high;3;2;med;med;0
323;30068;high;2;4;small;high;1
324;75274;high;5;2;med;high;0
325;27637;high;4;4;med;med;1
326;175597;med;4;more;big;low;0
327;732;med;5;4;big;high;1
328;57674;high;4;more;med;high;0
329;29765;med;2;more;med;low;0
330;50575;low;5;2;small;high;0
331;194509;high;3;more;big;low;0
332;37090;med;5;2;med;low;0
333;117879;low;5;2;med;high;0
334;104875;vhigh;4;2;med;low;0
335;41471;med;4;2;small;low;0
336;135850;high;3;4;big;high;0
337;79917;low;5;2;med;low;0
338;189197;med;4;more;med;low;0
339;35200;high;4;2;small;low;0
340;47000;vhigh;5;2;big;low;0
341;127243;high;5;2;small;low;0
342;39091;med;5;4;big;low;0
343;7116;med;3;4;big;med;2
344;188598;low;4;4;small;low;0
345;104178;med;2;2;med;high;0
346;34706;med;2;more;big;med;2
347;91601;vhigh;3;4;big;high;1
348;63878;high;3;4;small;high;1
349;62612;med;4;more;med;low;0
350;39294;vhigh;2;4;small;high;1
351;61614;high;5;2;small;low;0
352;28800;low;2;more;small;high;0
353;80647;high;4;2;med;low;0
354;154040;low;5;4;med;med;1
355;110156;low;5;4;med;low;0
356;66506;low;5;more;med;high;1
357;174664;med;5;4;med;med;1
358;27441;low;3;4;med;med;1
359;41017;high;2;more;small;high;0
360;3569;vhigh;4;4;big;high;0
361;55889;vhigh;2;4;med;low;0
362;84570;low;2;4;small;high;2
363;103184;vhigh;4;4;small;low;0
364;133857;high;3;2;big;med;0
365;23979;high;3;2;big;low;0
366;3136;vhigh;4;2;big;high;0
367;131389;low;4;more;big;med;1
368;90186;low;5;2;med;low;0
369;100311;high;2;2;med;high;0
370;21657;med;4;2;med;high;0
371;111285;low;4;2;small;low;0
372;44586;low;3;4;med;high;2
373;36434;high;3;2;med;med;0
374;155111;med;4;4;med;low;0
375;39797;high;4;4;small;low;0
376;66104;high;3;4;med;low;0
377;34846;vhigh;5;2;small;low;0
378;11001;high;4;4;big;low;0
379;676;low;4;2;big;low;0
380;35669;low;5;more;small;high;2
381;167544;med;2;more;big;low;0
382;38523;low;4;more;small;low;0
383;158855;high;5;2;small;low;0
384;66601;vhigh;4;2;small;low;0
385;40659;high;3;2;med;med;0
386;36633;low;2;4;big;low;0
387;190279;high;5;more;med;med;0
388;74797;high;2;more;med;med;0
389;63389;high;3;2;med;low;0
390;41136;med;4;2;big;high;0
391;102116;med;2;4;big;high;3
392;109294;high;5;4;med;low;0
393;52970;low;4;more;big;low;0
394;13478;med;4;2;small;med;0
395;1130;vhigh;2;more;small;low;0
396;44367;high;5;2;big;high;0
397;93560;high;3;more;small;low;0
398;187321;vhigh;3;2;small;low;0
399;65965;vhigh;3;2;big;med;0
400;33412;low;3;more;med;high;3
401;58920;low;2;4;small;high;2
402;24577;low;5;4;small;low;0
403;89344;high;2;2;med;low;0
404;34961;vhigh;3;2;small;high;0
405;16637;high;4;more;small;med;0
406;3751;low;2;4;big;med;2
407;9001;high;5;4;big;med;1
408;196248;vhigh;4;more;big;high;0
409;125764;med;4;4;small;med;0
410;169544;high;2;more;med;high;0
411;75236;med;4;4;big;low;0
412;68392;vhigh;2;2;big;med;0
413;40943;high;4;2;big;med;0
414;18801;vhigh;3;4;big;low;0
415;138448;high;2;4;small;high;0
416;95789;low;2;4;med;low;0
417;106531;low;2;2;med;med;0
418;84366;low;2;4;big;med;1
419;5214;vhigh;5;2;big;high;0
420;58545;high;2;more;big;med;0
421;116171;med;4;2;big;high;0
422;158996;vhigh;5;4;small;low;0
423;69918;low;3;more;big;low;0
424;12682;vhigh;5;4;big;med;1
425;117729;high;2;4;small;med;0
426;74562;vhigh;3;4;small;low;0
427;111891;vhigh;3;2;med;high;0
428;88861;med;5;4;small;med;1
429;172910;vhigh;2;2;big;med;0
430;115509;high;3;more;big;med;1
431;35801;vhigh;4;more;small;med;0
432;93094;low;4;2;small;med;0
433;127199;med;5;more;big;low;0
434;86799;vhigh;3;4;big;high;0
435;37339;vhigh;5;more;med;med;0
436;12137;med;4;2;med;low;0
437;48025;high;4;2;small;low;0
438;64404;vhigh;2;2;small;low;0
439;69903;low;5;more;big;high;1
440;123658;low;2;more;small;low;0
441;19035;low;2;2;big;high;0
442;34156;med;5;more;med;high;3
443;58420;low;4;4;small;med;0
444;182552;vhigh;2;2;big;high;0
445;127565;vhigh;3;4;med;med;0
446;7551;high;2;more;small;low;0
447;99547;low;5;4;big;high;3
448;29804;vhigh;4;2;big;med;0
449;40817;vhigh;2;4;med;low;0
450;39901;vhigh;3;2;small;med;0
451;60670;vhigh;5;4;small;high;1
452;4231;high;5;4;med;low;0
453;14919;med;2;more;big;low;0
454;91887;vhigh;4;4;small;high;1
455;103841;high;5;more;med;high;1
456;146910;vhigh;5;more;med;low;0
457;47806;med;2;4;small;high;2
458;11500;vhigh;2;4;small;med;0
459;4142;vhigh;2;more;small;low;0
460;24693;low;3;2;med;high;0
461;75419;vhigh;2;more;big;low;0
462;2007;vhigh;2;more;med;high;0
463;59337;high;5;4;med;low;0
464;76623;med;3;2;small;high;0
465;82948;med;5;2;med;low;0
466;99136;low;5;more;big;high;1
467;118443;med;4;2;big;low;0
468;78845;med;4;more;med;low;0
469;25182;low;2;4;small;low;0
470;71187;vhigh;4;4;big;low;0
471;39881;med;4;2;big;low;0
472;52477;low;4;4;small;med;1
473;20372;med;2;4;med;med;1
474;84020;vhigh;2;2;med;low;0
475;71416;low;3;2;small;low;0
476;49724;med;3;2;small;med;0
477;122536;low;2;2;big;med;0
478;14154;high;4;4;big;low;0
479;112125;low;5;4;big;low;0
480;89111;high;5;2;small;med;0
481;26418;med;5;more;med;med;1
482;78812;high;2;2;small;med;0
483;76345;med;2;more;big;high;3
484;189919;vhigh;2;more;med;high;0
485;66908;med;2;2;med;med;0
486;59269;low;3;more;small;med;1
487;35331;med;3;more;med;high;1
488;66996;vhigh;5;4;med;low;0
489;57981;high;4;4;big;low;0
490;50511;med;5;4;big;med;2
491;109105;med;3;2;small;low;0
492;62269;med;3;2;med;med;0
493;189129;low;4;2;med;low;0
494;109031;high;2;4;small;low;0
495;129049;vhigh;3;more;med;low;0
496;30009;vhigh;5;2;small;med;0
497;46286;low;5;4;small;low;0
498;116496;vhigh;5;4;small;low;0
499;6020;low;2;more;small;med;0
500;107960;med;5;2;small;low;0
501;65436;med;5;4;small;low;0
502;23328;med;5;4;med;high;1
503;140063;low;3;more;big;low;0
504;196859;med;3;2;big;low;0
505;163067;low;3;more;small;low;0
506;127465;low;2;4;small;high;1
507;42875;low;4;4;big;high;1
508;51607;vhigh;3;4;big;med;1
509;160151;high;3;more;big;med;1
510;21424;low;5;2;big;low;0
511;124502;high;4;more;big;low;0
512;10052;med;2;2;big;low;0
513;54838;med;2;more;med;high;1
514;34398;vhigh;5;more;med;high;1
515;69442;med;2;2;big;low;0
516;89694;low;5;more;small;med;1
517;11580;high;2;4;big;low;0
518;16067;high;3;2;small;low;0
519;119581;high;2;more;big;high;1
520;6463;high;2;2;small;low;0
521;51662;med;3;4;med;low;0
522;68447;high;4;4;big;low;0
523;181730;high;4;more;med;med;1
524;185281;med;3;2;small;high;0
525;178480;vhigh;2;2;small;med;0
526;75140;high;2;2;med;low;0
527;2225;low;4;4;med;med;2
528;17165;low;2;2;big;low;0
529;189210;med;3;2;small;med;0
530;68456;low;3;4;med;high;2
531;40397;vhigh;4;more;small;high;1
532;81108;vhigh;4;4;big;low;0
533;65478;vhigh;5;2;big;low;0
534;41494;vhigh;5;2;med;low;0
535;37246;vhigh;5;2;med;high;0
536;54020;med;2;more;small;high;0
537;27373;high;4;4;med;med;1
538;119730;med;4;more;small;low;0
539;93302;med;2;4;small;high;1
540;79475;low;2;2;small;high;0
541;57268;med;2;4;small;med;1
542;50674;vhigh;3;4;small;med;0
543;55517;low;3;more;big;med;2
544;61745;vhigh;3;2;small;high;0
545;127641;med;3;2;big;med;0
546;53683;med;2;4;big;med;1
547;5877;high;5;2;med;low;0
548;22572;low;2;2;small;low;0
549;38843;low;4;more;small;med;1
550;58136;high;2;2;big;high;0
551;22819;vhigh;2;4;small;low;0
552;133145;high;3;2;big;low;0
553;158755;low;3;2;small;med;0
554;9830;low;2;4;big;low;0
555;4249;med;5;4;med;low;0
556;15138;high;2;2;big;low;0
557;38032;vhigh;3;4;small;low;0
558;75392;high;5;more;small;high;1
559;2021;vhigh;3;2;small;high;0
560;116669;vhigh;2;more;med;low;0
561;72376;low;3;more;med;med;1
562;80216;high;4;2;small;high;0
563;72454;low;4;4;med;med;1
564;44284;vhigh;2;more;big;high;1
565;196545;med;5;4;small;med;0
566;132008;low;3;4;big;high;1
567;55248;low;4;more;small;med;0
568;92787;low;5;4;small;high;2
569;58918;vhigh;4;2;big;high;0
570;121554;low;2;more;small;high;0
571;23794;med;5;more;small;med;1
572;2794;vhigh;5;2;big;med;0
573;102703;low;2;more;med;high;2
574;29729;med;5;4;med;med;2
575;96322;med;4;2;small;high;0
576;115877;med;5;2;small;high;0
577;11929;low;2;more;big;high;3
578;101783;low;3;4;med;low;0
579;160963;high;3;4;small;med;0
580;126352;med;5;4;small;high;1
581;333;med;5;more;small;high;2
582;25237;vhigh;2;more;small;med;0
583;26853;high;4;4;med;low;0
584;183567;vhigh;5;more;small;low;0
585;30994;low;4;4;small;med;1
586;30284;med;5;4;med;low;0
587;4919;high;3;2;med;low;0
588;184874;vhigh;3;4;big;med;0
589;45906;high;5;2;med;low;0
590;27091;low;3;more;big;high;3
591;13832;high;3;more;small;low;0
592;98126;vhigh;3;2;big;high;0
593;189114;low;4;4;small;high;1
594;189813;high;2;more;med;low;0
595;176678;vhigh;4;more;small;high;0
596;43757;med;5;4;med;med;1
597;91567;med;2;more;med;high;1
598;15041;low;4;more;big;med;2
599;198307;high;2;2;med;high;0
600;56123;high;5;2;big;high;0
601;152457;high;2;more;big;low;0
602;46746;high;2;4;small;high;1
603;173734;high;5;more;big;med;1
604;105730;med;2;4;med;med;0
605;20900;med;2;4;med;low;0
606;71774;low;3;more;small;high;1
607;23575;low;5;2;med;high;0
608;9438;vhigh;2;4;big;low;0
609;31403;vhigh;4;4;med;med;1
610;82786;vhigh;2;4;small;low;0
611;1503;med;5;more;med;high;3
612;1629;vhigh;5;more;big;med;1
613;120715;vhigh;3;more;med;low;0
614;25516;low;3;2;big;med;0
615;119649;high;4;more;big;med;1
616;173952;low;2;more;med;med;0
617;22890;low;4;2;med;high;0
618;190415;med;4;4;small;high;1
619;34211;low;4;4;big;med;2
620;172280;med;5;more;med;med;1
621;71508;high;5;more;med;med;1
622;69974;med;3;4;small;high;1
623;190869;high;4;2;med;high;0
624;27905;high;2;more;med;med;0
625;76069;med;3;more;small;med;1
626;21577;high;4;4;small;med;0
627;85669;low;5;4;big;low;0
628;65519;med;3;4;small;low;0
629;16607;high;5;4;small;low;0
630;120255;high;3;4;small;low;0
631;34979;high;4;4;big;high;1
632;77532;vhigh;4;4;small;low;0
633;181191;high;2;4;big;high;1
634;86228;low;3;2;med;med;0
635;56690;vhigh;3;more;small;low;0
636;55301;vhigh;2;2;med;low;0
637;7938;high;4;more;med;med;1
638;172031;vhigh;2;more;big;low;0
639;77638;low;5;more;big;low;0
640;29933;high;4;2;big;med;0
641;67644;med;3;4;big;high;3
642;9154;vhigh;2;2;big;med;0
643;71371;med;4;4;med;low;0
644;90431;med;5;2;med;high;0
645;29030;high;2;2;big;high;0
646;56996;vhigh;4;4;small;high;1
647;88219;low;2;2;small;med;0
648;178640;med;5;4;big;med;1
649;83000;low;5;4;med;high;3
650;95416;vhigh;4;2;small;med;0
651;49573;vhigh;5;2;big;med;0
652;47964;high;5;2;small;high;0
653;9078;high;3;more;med;med;1
654;92405;med;5;4;small;low;0
655;33370;low;5;more;med;high;3
656;20624;low;2;more;big;low;0
657;78731;med;5;more;big;med;1
658;21066;med;4;4;med;med;1
659;46254;vhigh;4;4;big;med;1
660;40123;high;4;2;med;low;0
661;26627;med;3;4;med;high;1
662;109645;vhigh;5;4;big;low;0
663;9068;vhigh;3;2;small;low;0
664;117426;low;5;4;med;low;0
665;18898;med;2;more;big;high;1
666;160978;high;4;4;small;low;0
667;106265;vhigh;5;2;big;low;0
668;114776;vhigh;2;2;small;med;0
669;104080;low;4;more;big;low;0
670;45570;high;2;2;small;high;0
671;54598;med;2;2;med;high;0
672;114864;low;5;2;med;low;0
673;15313;med;4;more;med;high;3
674;61041;med;2;more;med;low;0
675;4045;high;4;4;big;med;1
676;37313;med;3;more;med;med;2
677;12683;high;2;4;med;high;1
678;78947;vhigh;4;2;big;med;0
679;24686;low;5;more;med;med;2
680;135569;med;4;4;big;high;1
681;129331;low;2;more;med;low;0
682;101316;med;2;2;small;high;0
683;123404;vhigh;5;4;med;high;0
684;78341;low;2;2;med;high;0
685;189844;high;2;more;big;high;1
686;27172;vhigh;4;4;med;high;0
687;26046;vhigh;5;more;med;low;0
688;5587;high;4;4;small;high;1
689;99033;med;3;more;small;high;1
690;91137;vhigh;2;more;small;med;0
691;147098;high;3;more;small;low;0
692;47273;med;3;2;small;med;0
693;7517;high;2;more;big;low;0
694;23364;med;2;more;med;low;0
695;46878;med;5;4;small;low;0
696;43579;vhigh;5;more;small;med;0
697;135907;low;3;2;small;high;0
698;104159;low;5;4;small;med;1
699;27697;vhigh;3;2;small;low;0
700;37877;med;4;more;big;med;1
701;192064;low;4;4;small;med;0
702;37195;med;2;4;small;low;0
703;75047;high;5;more;big;med;1
704;119201;med;3;2;med;low;0
705;63789;med;3;more;big;low;0
706;104628;low;2;4;med;low;0
707;79197;med;3;more;big;low;0
708;63641;low;3;more;big;high;1
709;16910;vhigh;4;more;med;med;1
710;127851;high;5;more;big;high;0
711;173582;vhigh;3;4;big;med;0
712;94443;vhigh;3;2;big;med;0
713;90429;low;2;more;big;low;0
714;38042;high;2;more;small;med;0
715;80575;vhigh;5;more;med;med;0
716;108497;med;4;more;med;med;1
717;32784;low;2;2;big;high;0
718;75476;low;2;4;med;high;2
719;44739;vhigh;4;more;big;low;0
720;134043;low;5;2;med;med;0
721;69952;vhigh;4;more;small;med;0
722;196382;high;4;2;small;low;0
723;10971;vhigh;3;2;small;med;0
724;61680;vhigh;4;2;small;high;0
725;169046;vhigh;3;more;med;med;0
726;92429;high;2;2;big;med;0
727;60029;med;4;4;big;med;1
728;67253;vhigh;2;4;small;high;1
729;73242;high;4;more;big;low;0
730;172513;low;4;2;med;low;0
731;34696;low;4;4;big;med;1
732;8896;vhigh;2;4;med;med;0
733;78778;low;3;more;small;low;0
734;89537;high;4;2;big;low;0
735;3149;vhigh;2;2;med;med;0
736;124694;low;3;2;big;low;0
737;72678;high;5;4;med;high;1
738;29291;vhigh;5;4;med;med;1
739;51477;high;3;2;small;high;0
740;104385;high;5;2;big;med;0
741;185827;low;2;more;small;low;0
742;86525;high;2;4;small;med;0
743;97760;low;4;2;big;med;0
744;190717;low;4;4;big;med;1
745;29655;med;5;2;med;med;0
746;101846;low;4;2;med;high;0
747;10937;vhigh;2;2;big;med;0
748;7831;med;5;2;small;med;0
749;73194;low;2;more;med;med;1
750;183653;med;3;more;big;high;1
751;195735;vhigh;4;4;big;med;0
752;70532;low;3;2;med;high;0
753;112828;low;4;2;big;low;0
754;7081;low;4;4;med;med;1
755;87739;vhigh;2;4;med;med;0
756;34341;low;3;2;med;med;0
757;59998;high;3;more;big;low;0
758;156844;med;5;more;small;med;0
759;110924;low;2;2;big;high;0
760;50931;low;4;2;small;high;0
761;45246;low;4;more;med;med;2
762;31337;high;3;4;med;high;0
763;65450;high;2;more;small;high;0
764;129071;high;4;4;small;low;0
765;13895;high;3;2;small;med;0
766;80164;high;5;4;big;low;0
767;100402;vhigh;5;2;med;med;0
768;133347;low;3;4;med;low;0
769;102490;med;3;4;med;med;0
770;90134;low;5;2;small;high;0
771;152612;high;4;2;big;high;0
772;179967;vhigh;4;2;big;med;0
773;58934;high;2;2;small;low;0
774;3106;low;3;2;big;med;0
775;14906;vhigh;4;4;med;med;0
776;41083;med;2;2;big;low;0
777;55579;high;3;4;big;low;0
778;4536;high;2;more;med;low;0
779;103771;vhigh;3;4;small;high;1
780;145421;low;3;more;big;med;1
781;79568;high;5;more;med;low;0
782;79537;high;4;4;small;low;0
783;199019;high;5;more;small;high;1
784;53982;high;3;4;small;med;1
785;20968;low;5;2;small;low;0
786;177262;low;5;2;med;low;0
787;7964;med;5;2;big;low;0
788;12171;vhigh;5;2;small;low;0
789;183011;vhigh;5;4;med;med;0
790;88096;low;4;4;med;med;2
791;4503;vhigh;4;4;big;high;1
792;6746;high;3;more;small;med;0
793;41879;vhigh;5;more;small;high;1
794;104552;vhigh;5;4;big;med;0
795;557;high;5;more;big;med;1
796;172110;high;2;4;med;med;0
797;30742;high;2;2;small;low;0
798;83999;low;4;2;small;high;0
799;117514;vhigh;5;2;big;med;0
800;55223;high;5;2;big;low;0
801;69372;med;4;more;med;med;1
802;154975;vhigh;4;2;med;high;0
803;119520;vhigh;2;more;big;med;1
804;27593;vhigh;4;more;med;high;1
805;134246;med;4;2;med;high;0
806;33913;vhigh;3;4;big;high;0
807;92148;med;3;4;big;low;0
808;83156;vhigh;3;2;small;med;0
809;31481;vhigh;5;more;small;med;0
810;3298;low;2;more;med;med;1
811;150025;low;2;4;big;high;1
812;160918;vhigh;5;more;big;low;0
813;96998;med;3;more;small;med;0
814;66064;med;2;4;big;med;2
815;41958;low;2;4;small;med;1
816;42824;med;2;2;big;high;0
817;36395;med;2;4;small;med;0
818;10092;med;3;2;big;low;0
819;45905;low;3;more;med;high;3
820;124423;high;5;more;big;high;1
821;131365;vhigh;2;more;big;med;0
822;42920;med;4;4;med;low;0
823;56017;vhigh;4;2;big;low;0
824;129580;med;2;4;med;high;1
825;891;low;2;4;big;high;3
826;97073;low;5;2;small;high;0
827;193333;vhigh;2;more;med;med;0
828;97499;high;5;2;big;med;0
829;101770;low;2;more;med;med;0
830;196861;vhigh;2;4;big;high;0
831;125725;vhigh;5;2;small;med;0
832;10777;med;4;2;med;low;0
833;52106;med;3;2;med;low;0
834;33862;high;5;4;med;high;0
835;165384;med;5;2;med;low;0
836;110224;high;3;more;small;low;0
837;169224;low;4;2;big;med;0
838;145597;med;2;more;big;med;1
839;108242;vhigh;3;more;small;med;0
840;4295;high;5;4;small;high;1
841;40357;low;4;more;med;high;3
842;120399;low;5;more;med;low;0
843;17549;high;2;4;big;med;1
844;190561;vhigh;3;2;small;high;0
845;22338;med;3;2;med;med;0
846;36534;vhigh;4;more;med;med;1
847;191890;low;2;2;small;high;0
848;61747;vhigh;5;more;small;high;0
849;73936;low;2;more;small;high;0
850;140960;med;4;2;big;med;0
851;29666;high;4;4;med;low;0
852;23184;vhigh;3;more;big;high;1
853;25579;high;4;4;big;med;1
854;141674;vhigh;2;4;big;med;0
855;172101;vhigh;4;more;med;high;0
856;46019;low;3;2;big;low;0
857;6572;med;4;2;big;med;0
858;35979;med;3;2;big;med;0
859;146040;vhigh;2;4;big;low;0
860;74942;high;4;2;small;high;0
861;23250;vhigh;3;4;small;med;0
862;119599;low;4;4;small;high;2
863;104387;high;4;4;med;high;0
864;77413;low;3;4;med;med;0
865;107251;low;5;more;small;high;1
866;36726;low;4;2;big;med;0
867;180047;high;4;4;med;low;0
868;39066;vhigh;4;4;med;high;1
869;48804;high;3;more;small;high;1
870;166745;low;2;more;big;med;1
871;165794;low;5;more;big;med;1
872;21464;low;4;more;med;med;2
873;121978;low;2;2;small;med;0
874;174995;low;4;2;big;low;0
875;79875;low;5;2;big;high;0
876;13850;low;3;2;big;high;0
877;4388;high;3;4;med;low;0
878;114427;high;2;4;big;med;1
879;80691;med;5;2;big;low;0
880;55661;med;3;more;big;med;2
881;84244;low;2;2;small;med;0
882;126400;low;2;more;big;med;1
883;29726;vhigh;3;4;med;high;0
884;110005;low;4;more;big;high;1
885;93466;high;4;2;med;med;0
886;148498;low;4;more;big;low;0
887;4943;med;2;more;med;med;0
888;73507;high;4;2;med;med;0
889;104563;high;3;2;small;low;0
890;55653;med;4;2;small;low;0
891;8433;high;3;2;small;low;0
892;108724;high;2;4;big;low;0
893;5244;high;5;more;small;high;1
894;112361;low;4;2;big;low;0
895;54105;med;5;2;small;low;0
896;36944;med;2;2;med;low;0
897;59540;high;5;4;med;high;3
898;7355;low;2;4;small;low;0
899;78059;med;3;4;med;high;2
900;20359;vhigh;2;more;big;high;1
901;129399;low;4;4;big;high;1
902;56352;med;4;4;small;high;2
903;53416;low;5;more;small;med;0
904;79208;med;3;4;med;med;1
905;118;vhigh;3;more;med;low;0
906;147384;low;3;4;med;high;1
907;56231;vhigh;5;more;big;med;1
908;15789;vhigh;4;2;small;med;0
909;103974;med;5;4;big;med;1
910;16678;med;3;more;med;med;1
911;106476;med;4;4;med;high;3
912;184514;med;2;2;small;med;0
913;61554;high;5;more;med;low;0
914;59878;med;5;more;med;low;0
915;65037;high;4;more;med;med;1
916;42644;high;2;4;big;high;0
917;79137;vhigh;4;4;small;low;0
918;65945;med;4;more;small;med;1
919;80252;med;5;4;med;low;0
920;125014;med;2;2;big;med;0
921;63626;med;3;more;small;low;0
922;128482;high;5;more;big;med;0
923;35505;high;5;more;big;low;0
924;93713;low;4;4;med;high;3
925;103923;high;5;4;med;high;1
926;52542;low;3;more;med;med;2
927;72816;high;4;more;small;med;0
928;190681;med;5;4;small;high;1
929;134310;high;2;4;med;low;0
930;161727;vhigh;2;4;small;med;0
931;81329;high;2;4;med;high;1
932;20015;med;3;2;small;low;0
933;19027;low;5;2;big;high;0
934;56966;vhigh;4;more;small;med;0
935;34314;med;5;2;big;med;0
936;47774;high;5;2;small;high;0
937;162082;low;4;more;small;med;0
938;83401;vhigh;3;4;med;high;1
939;32824;med;2;more;med;med;1
940;83921;med;3;4;big;low;0
941;6383;high;3;4;small;low;0
942;116290;high;2;2;small;med;0
943;30069;low;4;more;small;high;1
944;14838;vhigh;3;4;med;med;0
945;59186;vhigh;4;4;small;high;0
946;107134;high;4;more;small;high;1
947;196775;vhigh;2;more;med;med;0
948;18884;high;3;4;big;high;3
949;92224;vhigh;3;more;big;med;0
950;10835;med;5;more;big;med;1
951;61466;low;5;4;big;med;2
952;41244;vhigh;4;4;big;med;1
953;28629;high;4;more;small;high;0
954;184414;med;5;2;small;med;0
955;49221;high;3;more;small;med;0
956;142789;med;2;2;small;high;0
957;17228;high;3;4;med;med;1
958;20098;med;4;2;small;high;0
959;50451;vhigh;4;4;small;low;0
960;75703;low;4;4;big;med;2
961;18940;med;3;2;med;low;0
962;70364;vhigh;2;2;big;low;0
963;60074;low;5;4;small;low;0
964;58835;vhigh;4;more;small;low;0
965;80369;vhigh;5;2;med;med;0
966;174660;high;3;more;big;high;0
967;16674;vhigh;2;more;big;med;1
968;79826;high;5;4;small;med;0
969;19012;vhigh;4;4;med;high;0
970;160601;med;5;more;big;low;0
971;51314;high;2;more;med;med;0
972;79034;med;2;more;big;low;0
973;175670;low;5;4;big;low;0
974;101910;med;5;more;big;high;3
975;75748;vhigh;4;more;big;high;1
976;86948;vhigh;4;4;med;low;0
977;84232;med;4;2;big;low;0
978;174000;low;2;4;med;high;1
979;93881;med;2;2;med;med;0
980;30381;med;2;2;big;high;0
981;74941;vhigh;5;more;med;high;1
982;88900;vhigh;4;4;med;low;0
983;146474;high;4;2;small;low;0
984;80707;vhigh;5;2;small;med;0
985;63576;high;4;more;small;med;0
986;190615;med;2;more;big;high;1
987;9321;high;2;2;med;med;0
988;152657;vhigh;4;2;small;low;0
989;88419;high;4;2;small;med;0
990;109313;vhigh;2;4;big;high;1
991;13616;high;4;more;big;low;0
992;48766;vhigh;5;more;big;high;1
993;138130;high;2;2;big;low;0
994;136425;low;4;2;big;high;0
995;121;high;2;4;small;high;1
996;32856;high;4;more;big;high;3
997;62459;low;2;4;med;med;1
998;93123;high;2;2;small;med;0
999;77044;vhigh;2;more;med;med;0
1000;74369;med;4;2;big;med;0
1001;6107;vhigh;3;more;big;low;0
1002;18644;vhigh;3;more;big;high;0
1003;34632;high;5;2;small;med;0
1004;72254;high;4;more;med;low;0
1005;62381;low;3;more;small;high;2
1006;160523;high;5;2;med;low;0
1007;90652;low;5;more;small;low;0
1008;1830;med;4;4;med;med;1
1009;63391;high;3;2;big;med;0
1010;62571;vhigh;5;4;small;high;1
1011;114924;med;3;4;big;high;1
1012;4994;high;3;more;big;low;0
1013;115391;vhigh;3;more;small;high;0
1014;133402;med;3;4;small;high;1
1015;44624;vhigh;3;more;med;med;1
1016;122136;vhigh;4;more;big;med;0
1017;18072;med;3;4;small;low;0
1018;42835;high;2;2;small;high;0
1019;89921;low;5;2;big;high;0
1020;4489;high;5;more;med;high;3
1021;54097;med;4;4;big;med;2
1022;19140;low;4;4;med;high;3
1023;32306;low;2;2;big;low;0
1024;1441;low;3;4;big;med;1
1025;125349;low;5;more;med;high;1
1026;23452;med;2;2;small;low;0
1027;178923;high;4;more;med;low;0
1028;186291;vhigh;4;more;big;med;0
1029;95109;vhigh;4;4;med;med;0
1030;59656;vhigh;4;4;small;med;0
1031;12242;high;3;2;big;high;0
1032;57985;high;2;4;small;low;0
1033;53013;high;3;4;big;low;0
1034;2488;med;3;4;big;med;1
1035;91092;vhigh;4;more;med;high;0
1036;160795;med;5;2;big;low;0
1037;94996;med;3;4;small;med;1
1038;71904;med;4;4;big;low;0
1039;91309;low;2;2;med;low;0
1040;63298;high;3;4;big;high;1
1041;134629;high;2;more;small;med;0
1042;190456;vhigh;2;more;big;med;0
1043;34671;med;4;2;big;high;0
1044;72217;high;3;more;med;high;0
1045;82014;low;4;more;med;low;0
1046;18140;vhigh;2;more;small;low;0
1047;47134;vhigh;5;4;big;low;0
1048;83728;low;2;more;med;high;1
1049;10850;med;2;4;small;med;1
1050;100451;high;4;more;big;med;0
1051;166713;med;2;4;med;low;0
1052;29380;low;5;2;small;med;0
1053;50534;low;5;more;big;med;1
1054;26384;low;4;2;small;med;0
1055;143877;low;5;2;big;med;0
1056;71461;med;3;more;small;low;0
1057;101732;high;5;4;big;high;1
1058;190321;med;2;2;big;low;0
1059;18143;vhigh;5;4;big;high;1
1060;79836;med;3;more;med;low;0
1061;59942;low;3;4;small;high;2
1062;77983;low;5;more;small;low;0
1063;30710;high;4;more;small;low;0
1064;2544;high;3;2;small;med;0
1065;35431;vhigh;3;4;med;low;0
1066;48311;high;4;4;small;high;1
1067;115763;vhigh;4;more;big;low;0
1068;102275;high;5;4;small;high;1
1069;77175;high;5;4;med;med;1
1070;97590;med;4;4;big;low;0
1071;16855;vhigh;3;4;med;high;1
1072;143318;med;5;more;small;high;1
1073;83935;med;3;2;med;med;0
1074;112231;med;3;4;med;low;0
1075;3248;med;4;4;small;low;0
1076;87169;vhigh;5;more;small;med;0
1077;93104;vhigh;2;2;small;low;0
1078;9689;vhigh;3;more;big;low;0
1079;69161;vhigh;4;more;big;low;0
1080;178902;med;5;2;big;high;0
1081;73481;med;2;more;small;med;0
1082;132078;med;2;more;big;low;0
1083;174850;vhigh;3;more;small;low;0
1084;9081;high;5;4;small;med;1
1085;10117;med;4;2;small;med;0
1086;59378;vhigh;3;2;med;high;0
1087;53346;med;2;4;small;low;0
1088;147158;med;3;more;big;high;1
1089;31467;high;2;4;small;low;0
1090;39862;low;3;2;small;low;0
1091;151890;med;4;2;small;low;0
1092;91493;high;2;2;small;high;0
1093;58825;low;3;4;small;high;1
1094;119899;med;5;4;big;low;0
1095;196046;vhigh;5;2;med;med;0
1096;25633;med;3;4;med;med;1
1097;192937;high;4;more;big;med;1
1098;131873;med;3;2;small;low;0
1099;18086;high;4;more;med;low;0
1100;46274;high;3;4;small;low;0
1101;89991;high;2;more;big;med;1
1102;20134;high;5;2;small;high;0
1103;95005;high;2;more;small;med;0
1104;89445;med;4;more;small;med;1
1105;86118;high;5;more;big;low;0
1106;86679;low;4;more;med;low;0
1107;24779;vhigh;2;2;small;med;0
1108;22383;high;4;4;small;high;1
1109;67132;low;2;2;med;low;0
1110;31215;med;5;4;big;med;1
1111;44580;low;5;more;small;med;1
1112;27535;med;3;more;med;high;3
1113;51643;med;2;4;med;high;1
1114;8145;low;4;2;med;high;0
1115;80798;vhigh;3;2;med;low;0
1116;28581;high;5;2;big;med;0
1117;13353;high;3;2;small;high;0
1118;114939;vhigh;3;4;small;high;0
1119;97970;low;3;4;big;high;3
1120;5452;vhigh;5;4;small;low;0
1121;49973;med;2;more;small;high;0
1122;6485;high;4;more;small;low;0
1123;67754;high;5;4;med;med;1
1124;45729;med;3;more;big;low;0
1125;126831;high;3;4;med;med;0
1126;134473;high;5;more;med;high;0
1127;197793;med;3;4;big;high;1
1128;113084;low;3;4;small;low;0
1129;186923;med;5;2;med;med;0
1130;2814;low;2;4;big;high;1
1131;73495;vhigh;4;more;med;low;0
1132;46144;high;5;more;small;low;0
1133;8423;low;3;more;small;med;0
1134;49752;low;3;2;small;low;0
1135;53904;high;4;more;med;high;3
1136;155057;vhigh;4;more;med;low;0
1137;5377;low;3;2;big;med;0
1138;129494;vhigh;5;4;big;low;0
1139;192915;low;2;more;med;high;1
1140;10577;med;3;more;med;high;3
1141;24664;low;4;4;med;low;0
1142;48120;vhigh;3;2;big;low;0
1143;1594;vhigh;4;4;med;med;1
1144;27827;low;5;more;big;high;3
1145;8599;high;4;2;big;low;0
1146;79752;med;4;2;small;high;0
1147;115647;low;4;more;med;low;0
1148;148891;high;3;4;small;high;1
1149;125696;med;4;more;small;high;1
1150;113334;vhigh;3;more;med;high;0
1151;57551;vhigh;4;2;med;low;0
1152;67658;low;2;more;med;high;2
1153;189026;low;2;more;big;high;1
1154;23940;vhigh;5;more;med;low;0
1155;168508;high;2;more;big;med;1
1156;115356;low;2;2;med;high;0
1157;4678;vhigh;3;2;small;med;0
1158;154912;med;2;2;small;med;0
1159;177744;med;2;2;big;high;0
1160;154226;vhigh;4;2;med;med;0
1161;114945;low;3;4;small;med;0
1162;65819;med;5;more;small;low;0
1163;7344;low;3;4;big;med;2
1164;36278;low;4;more;small;high;1
1165;102918;low;5;more;big;low;0
1166;12363;med;2;4;med;low;0
1167;52669;high;5;2;med;low;0
1168;92742;low;5;4;small;med;0
1169;157562;vhigh;2;more;small;high;0
1170;49768;med;3;more;med;med;1
1171;33680;low;4;more;big;high;3
1172;123632;vhigh;5;more;big;med;0
1173;65326;med;4;more;big;high;3
1174;36038;vhigh;4;more;med;high;1
1175;2401;low;3;2;med;low;0
1176;27760;high;2;2;med;med;0
1177;118657;vhigh;5;2;small;high;0
1178;78588;med;2;4;med;med;1
1179;146528;med;3;2;big;low;0
1180;3337;vhigh;3;2;big;low;0
1181;163817;med;5;more;big;med;1
1182;124403;high;5;2;big;high;0
1183;56536;med;4;more;small;high;2
1184;5154;high;3;2;small;high;0
1185;20267;vhigh;5;2;big;high;0
1186;119569;low;5;4;med;med;2
1187;8979;low;2;2;small;high;0
1188;190792;med;3;4;med;high;1
1189;62454;med;3;4;big;low;0
1190;44764;med;2;2;small;med;0
1191;49716;vhigh;5;more;big;low;0
1192;182413;low;3;4;big;low;0
1193;186179;vhigh;5;4;small;med;0
1194;51653;med;5;more;big;low;0
1195;49502;vhigh;3;2;med;high;0
1196;4636;med;4;more;med;low;0
1197;78537;high;2;more;med;high;1
1198;6117;high;4;more;small;low;0
1199;103627;med;2;more;med;high;1
1200;41344;low;2;more;small;low;0
1201;29024;med;5;4;med;high;3
1202;40142;low;5;4;med;high;1
1203;4595;high;3;2;big;low;0
1204;2867;high;2;more;med;low;0
1205;80152;med;3;more;med;med;1
1206;148867;high;2;2;big;med;0
1207;74611;vhigh;5;2;med;high;0
1208;56114;low;3;2;small;med;0
1209;160846;high;3;4;med;high;1
1210;595;med;5;more;big;high;1
1211;146717;high;2;4;small;low;0
1212;87734;low;4;4;big;high;3
1213;111155;med;3;more;big;high;3
1214;53388;high;5;more;med;low;0
1215;47662;vhigh;2;4;med;high;1
1216;155024;vhigh;4;4;small;med;0
1217;73210;vhigh;3;more;small;med;0
1218;130860;med;3;4;big;med;1
1219;61570;low;3;more;big;low;0
1220;136919;high;3;more;med;med;1
1221;39518;med;4;4;big;low;0
1222;97271;high;4;2;big;med;0
1223;29598;med;4;4;med;low;0
1224;99627;high;3;more;med;high;1
1225;52603;vhigh;5;4;small;med;0
1226;63389;vhigh;5;more;small;med;0
1227;15859;vhigh;4;2;small;med;0
1228;83316;vhigh;4;more;med;low;0
1229;19763;vhigh;2;4;big;low;0
1230;50776;vhigh;5;more;small;low;0
1231;46798;low;4;2;med;low;0
1232;141767;med;4;more;med;high;1
1233;65146;low;2;2;med;low;0
1234;106020;vhigh;4;more;big;med;1
1235;151237;med;4;more;small;med;0
1236;12479;low;5;4;med;med;2
1237;54;low;3;more;big;low;0
1238;42446;high;4;4;small;med;0
1239;103219;high;4;4;small;med;0
1240;15728;low;3;more;med;low;0
1241;35776;low;3;2;small;high;0
1242;17324;high;5;more;small;low;0
1243;49396;low;3;4;small;low;0
1244;128781;high;4;4;med;low;0
1245;75996;high;3;4;med;high;1
1246;59964;vhigh;4;2;small;high;0
1247;26578;low;2;2;small;low;0
1248;86102;vhigh;3;2;small;low;0
1249;21439;med;2;4;big;high;3
1250;30476;vhigh;3;more;small;low;0
1251;24623;vhigh;5;4;med;med;1
1252;42016;med;4;4;big;med;1
1253;198010;high;5;4;big;med;0
1254;139723;med;2;4;small;med;0
1255;40418;low;2;more;big;low;0
1256;57129;med;5;4;med;high;3
1257;51216;med;4;more;med;high;1
1258;20569;med;3;2;big;high;0
1259;151500;low;4;4;big;low;0
1260;149913;med;5;more;med;high;1
1261;121599;low;5;more;med;med;1
1262;132915;vhigh;2;2;med;low;0
1263;179867;high;3;2;big;high;0
1264;16801;vhigh;5;more;med;med;1
1265;52580;vhigh;4;4;med;low;0
1266;138823;med;5;4;big;low;0
1267;69237;low;4;2;small;high;0
1268;111088;med;3;2;med;high;0
1269;15388;med;5;2;small;med;0
1270;73683;low;2;more;big;med;2
1271;148197;low;5;4;med;med;1
1272;12880;high;3;more;small;high;1
1273;65040;low;2;2;big;low;0
1274;19585;low;3;4;big;med;2
1275;31637;low;5;4;med;low;0
1276;49102;low;4;more;big;high;3
1277;137984;low;4;4;small;high;1
1278;12399;high;2;more;big;low;0
1279;174026;vhigh;2;2;big;high;0
1280;69877;high;5;2;big;low;0
1281;100983;vhigh;4;more;med;med;0
1282;35429;high;2;4;big;low;0
1283;100730;med;5;more;big;high;1
1284;56710;low;3;more;big;high;3
1285;89031;vhigh;2;4;small;low;0
1286;175679;vhigh;5;more;small;low;0
1287;54169;vhigh;5;2;med;med;0
1288;27259;med;5;more;small;low;0
1289;121978;med;2;2;med;low;0
1290;136768;vhigh;5;2;med;low;0
1291;183952;med;5;2;big;med;0
1292;70005;low;3;2;small;med;0
1293;30007;high;2;more;med;low;0
1294;73567;med;4;4;big;high;1
1295;39374;low;5;2;small;low;0
1296;11810;med;3;4;small;med;1
1297;79147;high;5;4;big;high;3
1298;60325;vhigh;4;4;big;high;0
1299;79204;med;5;2;small;high;0
1300;53441;low;2;more;small;med;0
1301;60349;med;2;4;small;low;0
1302;50366;low;5;4;big;high;3
1303;54833;high;2;2;big;low;0
1304;102299;high;5;more;small;high;0
1305;171154;high;4;2;med;med;0
1306;10414;med;5;more;small;low;0
1307;63317;vhigh;3;more;big;med;1
1308;54890;low;3;more;small;low;0
1309;77213;low;4;4;med;low;0
1310;34533;low;2;4;small;low;0
1311;97963;vhigh;3;more;small;high;0
1312;181268;low;3;2;big;high;0
1313;31397;high;5;2;big;med;0
1314;129287;high;3;4;big;low;0
1315;86248;high;3;4;big;med;1
1316;14946;low;3;4;small;high;2
1317;101944;vhigh;4;2;small;high;0
1318;38590;high;5;4;small;low;0
1319;30515;med;2;2;med;low;0
1320;36425;vhigh;4;4;big;low;0
1321;16696;low;3;2;med;high;0
1322;23293;vhigh;2;4;small;med;0
1323;8885;vhigh;2;2;med;med;0
1324;42988;low;4;more;med;med;1
1325;168649;vhigh;5;more;med;high;0
1326;169013;high;5;more;small;low;0
1327;120018;med;5;more;med;high;1
1328;68621;med;3;more;small;med;1
1329;37952;med;2;4;med;high;2
1330;12081;vhigh;5;2;med;low;0
1331;113256;low;4;2;small;high;0
1332;87535;med;5;2;med;high;0
1333;136015;med;3;more;med;low;0
1334;139853;med;4;4;small;low;0
1335;44369;vhigh;3;more;med;low;0
1336;196493;vhigh;2;more;small;high;0
1337;1514;vhigh;2;4;big;med;1
1338;58848;vhigh;4;2;big;high;0
1339;1710;low;3;4;small;med;1
1340;40121;med;2;4;big;low;0
1341;29991;high;4;2;small;high;0
1342;110968;med;2;2;small;high;0
1343;8279;high;5;4;big;med;1
1344;27361;high;3;more;small;high;0
1345;90920;vhigh;3;4;med;low;0
1346;84664;vhigh;4;more;small;low;0
1347;108978;vhigh;4;4;big;high;1
1348;62466;vhigh;4;2;med;low;0
1349;79375;vhigh;2;4;small;high;0
1350;83564;low;5;4;med;high;1
1351;79120;low;3;more;small;high;2
1352;17886;high;2;more;small;high;0
1353;129915;med;2;4;big;med;1
1354;151317;high;5;more;small;med;0
1355;89894;med;4;2;med;low;0
1356;22660;low;3;more;med;low;0
1357;76876;low;2;more;big;med;2
1358;89216;high;3;4;big;med;0
1359;53127;low;3;4;small;high;1
1360;160975;low;2;4;small;high;1
1361;61804;vhigh;2;more;big;high;0
1362;183826;med;3;2;med;high;0
1363;31737;vhigh;3;more;small;low;0
1364;5895;med;5;2;med;high;0
1365;29048;low;4;2;small;low;0
1366;23391;low;2;4;med;high;1
1367;10865;vhigh;2;more;small;high;0
1368;29531;vhigh;2;more;small;med;0
1369;68692;med;5;2;big;low;0
1370;72401;low;5;more;small;low;0
1371;181930;med;2;2;big;med;0
1372;118472;high;5;more;med;med;1
1373;6146;high;2;2;med;high;0
1374;18665;low;4;more;med;high;3
1375;179878;med;4;more;big;low;0
1376;112228;vhigh;3;2;med;high;0
1377;48012;low;5;2;small;med;0
1378;45198;med;5;2;small;low;0
1379;189054;med;3;more;big;med;1
1380;184086;high;3;2;med;high;0
1381;146695;vhigh;5;4;med;med;0
1382;80994;high;5;2;med;high;0
1383;93521;med;3;2;med;high;0
1384;70786;high;2;4;big;med;0
1385;72954;med;5;4;big;high;3
1386;120186;vhigh;5;2;big;high;0
1387;108574;vhigh;4;2;big;low;0
1388;115246;vhigh;2;4;med;low;0
1389;116130;med;5;more;small;med;0
1390;188249;low;2;2;big;med;0
1391;91514;high;5;4;small;med;0
1392;25794;high;3;more;small;med;1
1393;875;high;4;2;small;med;0
1394;174480;med;2;more;small;high;0
1395;55525;low;4;more;big;med;1
1396;22262;high;5;2;big;low;0
1397;1890;vhigh;2;2;big;low;0
1398;74824;low;3;more;med;low;0
1399;94561;med;3;2;big;low;0
1400;63940;vhigh;5;more;big;high;1
1401;70841;high;5;more;small;low;0
1402;152162;high;3;more;med;high;1
1403;118272;high;5;4;big;high;1
1404;111074;med;3;2;small;low;0
1405;119030;med;4;more;small;high;1
1406;28827;high;4;4;med;high;3
1407;12402;low;4;more;big;high;1
1408;10625;low;3;more;small;high;1
1409;62632;low;3;more;small;med;1
1410;24035;vhigh;2;2;big;high;0
1411;48610;vhigh;2;2;med;high;0
1412;132852;med;5;2;big;high;0
1413;110119;high;5;4;small;low;0
1414;49324;low;4;2;med;med;0
1415;7957;low;4;4;small;high;2
1416;154640;med;2;4;small;high;1
1417;193990;low;5;more;small;high;1
1418;48330;vhigh;2;2;med;high;0
1419;67528;high;2;more;med;high;1
1420;56516;vhigh;3;2;med;low;0
1421;72134;high;3;4;med;med;0
1422;83002;vhigh;5;4;med;low;0
1423;34534;med;3;4;small;med;0
1424;185022;high;4;4;big;high;1
1425;129742;high;2;more;small;high;0
1426;44566;low;3;4;small;med;1
1427;57307;low;3;4;big;low;0
1428;106949;low;4;4;big;low;0
1429;61606;high;3;more;med;low;0
1430;71280;high;2;4;small;med;1
1431;179693;low;5;2;small;low;0
1432;92735;med;3;more;small;high;1
1433;39931;high;2;2;big;low;0
1434;70574;high;3;2;med;low;0
1435;70047;vhigh;4;more;small;high;1
1436;12140;high;2;more;big;low;0
1437;18093;vhigh;2;4;med;med;0
1438;98530;vhigh;2;4;small;med;0
1439;13969;low;4;2;med;med;0
1440;190527;high;4;more;med;med;0
1441;191842;vhigh;2;2;small;low;0
1442;97657;high;4;4;big;med;1
1443;96588;low;5;2;big;med;0
1444;91111;high;5;4;small;high;1
1445;21263;high;3;2;med;low;0
1446;51984;low;2;more;small;low;0
1447;62819;low;4;2;small;low;0
1448;35194;high;2;more;small;low;0
1449;39906;vhigh;2;2;big;low;0
1450;69853;med;5;4;big;high;3
1451;119198;high;2;4;med;med;0
1452;9229;vhigh;2;4;big;low;0
1453;60011;high;5;more;big;high;1
1454;74398;low;4;4;med;low;0
1455;179494;med;3;more;med;high;1
1456;18734;med;2;2;small;high;0
1457;71678;vhigh;5;more;big;high;0
1458;71095;high;4;2;med;low;0
1459;186252;low;4;2;small;low;0
1460;107043;low;3;4;med;low;0
1461;156035;low;3;more;med;med;1
1462;155677;vhigh;5;4;small;med;0
1463;87706;vhigh;5;2;big;low;0
1464;69718;med;4;more;big;low;0
1465;183257;med;2;more;big;med;1
1466;70165;vhigh;5;more;big;low;0
1467;54607;high;5;more;med;low;0
1468;76540;vhigh;2;4;med;low;0
1469;39823;vhigh;2;2;small;med;0
1470;74473;low;2;more;med;low;0
1471;172582;med;2;4;med;low;0
1472;39807;med;4;2;med;med;0
1473;108723;vhigh;3;more;med;med;0
1474;153633;med;5;2;med;med;0
1475;101340;high;2;4;med;low;0
1476;112775;med;4;2;big;low;0
1477;6916;med;3;2;med;low;0
1478;48772;high;4;2;med;med;0
1479;84698;vhigh;3;more;med;med;1
1480;120230;vhigh;5;4;small;high;0
1481;73420;med;3;4;small;low;0
1482;90936;low;2;more;big;low;0
1483;41745;med;5;more;big;med;2
1484;123420;high;3;more;med;med;0
1485;90155;high;5;4;big;low;0
1486;38389;med;3;4;med;high;1
1487;188857;med;4;more;big;med;1
1488;63251;vhigh;2;more;small;high;0
1489;109655;med;4;more;med;high;3
1490;92221;low;3;4;med;med;0
1491;13586;high;4;4;small;med;1
1492;63110;low;3;4;big;med;1
1493;178433;high;5;4;med;med;1
1494;93069;vhigh;3;more;small;med;0
1495;20540;vhigh;2;4;med;high;0
1496;36918;vhigh;5;4;big;low;0
1497;73182;low;5;more;big;med;2
1498;49829;med;2;more;small;low;0
1499;51222;high;5;2;med;med;0
1500;116897;vhigh;2;2;small;high;0
1501;15107;med;4;4;med;high;1
1502;117241;high;3;2;big;med;0
1503;34967;low;5;2;med;med;0
1504;60269;low;5;4;big;high;1
1505;100638;low;2;more;small;high;0
1506;23858;low;5;more;med;med;2
1507;61974;high;5;2;big;high;0
1508;58713;vhigh;2;more;med;high;1
1509;129574;high;5;2;small;high;0
1510;12521;low;4;4;big;low;0
1511;74285;vhigh;3;2;med;med;0
1512;47348;high;3;4;small;low;0
1513;108968;high;4;2;big;low;0
1514;48249;high;4;4;big;high;0
1515;25656;med;5;2;big;high;0
1516;59243;high;5;2;small;low;0
1517;157313;low;4;2;big;high;0
1518;184931;high;5;more;big;low;0
1519;31975;vhigh;4;more;small;low;0
1520;124528;high;4;2;med;high;0
1521;68745;med;2;4;big;low;0
1522;194171;high;4;2;med;low;0
1523;15052;high;5;2;med;high;0
1524;21017;high;5;more;big;low;0
1525;158708;vhigh;5;4;big;high;0
1526;33384;vhigh;3;4;small;high;0
1527;45293;low;4;2;med;high;0
1528;51383;high;4;more;small;med;1
1529;21770;vhigh;3;4;big;low;0
1530;192820;vhigh;4;2;med;low;0
1531;33154;vhigh;2;2;med;high;0
1532;45507;high;3;more;big;low;0
1533;9331;med;4;more;med;med;2
1534;82302;vhigh;3;2;med;low;0
1535;48324;low;5;2;med;med;0
1536;58368;low;4;more;med;low;0
1537;51657;med;4;4;small;high;1
1538;21243;med;3;more;med;low;0
1539;32396;low;5;2;big;med;0
1540;27657;vhigh;2;more;big;low;0
1541;52039;high;4;4;med;med;1
1542;45755;vhigh;2;more;med;med;0
1543;82309;vhigh;3;2;big;high;0
1544;23344;vhigh;5;2;small;med;0
1545;85505;vhigh;3;more;big;high;0
1546;64091;med;3;2;big;high;0
1547;95158;med;2;2;med;low;0
1548;29568;vhigh;4;2;small;med;0
1549;92796;high;2;2;big;med;0
1550;177150;vhigh;3;more;big;med;0
1551;122981;high;4;2;small;med;0
1552;75485;vhigh;4;2;small;high;0
1553;11235;high;2;2;med;med;0
1554;167879;med;4;2;small;high;0
1555;125913;med;5;2;small;high;0
1556;7294;high;5;2;med;med;0
1557;32033;med;5;2;med;low;0
1558;60788;vhigh;5;2;small;high;0
1559;102947;high;4;2;big;low;0
1560;188653;vhigh;4;more;big;low;0
1561;185406;vhigh;4;more;small;low;0
1562;112249;low;2;4;med;high;2
1563;55636;high;4;more;small;high;1
1564;82885;vhigh;3;4;small;med;0
1565;39884;vhigh;4;4;med;high;1
1566;44346;med;4;4;small;low;0
1567;33237;low;4;more;small;med;1
1568;5161;med;3;2;big;high;0
1569;5092;vhigh;3;4;med;low;0
1570;12693;vhigh;5;2;big;med;0
1571;117296;low;2;more;small;med;0
1572;26142;low;3;2;small;low;0
1573;102012;med;3;more;small;low;0
1574;12578;high;2;2;small;low;0
1575;16329;low;5;more;big;high;3
1576;55336;low;4;4;big;high;3
1577;143884;med;2;more;small;low;0
1578;4208;vhigh;5;4;big;high;1
1579;31420;med;3;more;big;med;1
1580;4132;low;3;more;big;med;2
1581;36812;high;4;more;med;low;0
1582;5920;med;4;4;med;med;1
1583;44370;vhigh;4;more;med;med;0
1584;42181;vhigh;2;4;small;high;0
1585;191835;low;5;2;small;med;0
1586;111891;high;4;more;big;high;0
1587;160076;low;3;2;big;low;0
1588;67223;vhigh;2;2;med;high;0
1589;55681;vhigh;3;2;big;low;0
1590;100368;low;4;4;med;high;1
1591;8752;high;5;more;big;high;3
1592;109792;med;5;4;small;low;0
1593;51348;high;5;2;small;med;0
1594;5658;vhigh;3;4;med;high;0
1595;13753;vhigh;3;4;med;low;0
1596;161278;low;5;4;big;med;1
1597;39378;high;4;4;big;high;3
1598;166295;high;3;more;big;high;1
1599;18603;med;5;more;small;high;1
1600;129019;low;5;2;big;low;0
1601;171840;vhigh;4;2;med;high;0
1602;60262;low;4;2;small;med;0
1603;98221;high;3;2;med;high;0
1604;26649;vhigh;2;more;small;med;0
1605;44170;vhigh;2;2;small;low;0
1606;29488;vhigh;4;2;med;med;0
1607;75424;low;2;more;med;low;0
1608;199358;low;2;2;med;high;0
1609;199005;low;5;2;small;med;0
1610;17037;low;3;2;med;low;0
1611;63360;low;4;more;small;high;2
1612;72541;high;5;more;med;high;1
1613;6817;low;5;2;big;low;0
1614;165711;med;3;4;big;low;0
1615;187603;med;3;more;big;low;0
1616;193527;med;3;4;med;med;0
1617;90227;high;2;2;small;med;0
1618;91068;low;5;more;med;med;1
1619;4669;high;3;4;med;low;0
1620;61189;med;5;4;small;med;1
1621;40861;low;4;more;med;high;1
1622;138723;high;4;4;med;med;0
1623;184166;vhigh;2;more;med;low;0
1624;40782;high;3;more;med;med;1
1625;11286;high;3;more;med;high;3
1626;177172;high;2;more;small;med;0
1627;4260;med;3;4;big;high;3
1628;198424;vhigh;5;more;big;med;0
1629;25557;high;5;2;small;med;0
1630;123766;vhigh;3;more;big;low;0
1631;106626;med;2;4;small;low;0
1632;91897;low;3;more;small;med;0
1633;51381;vhigh;4;more;big;high;0
1634;76030;vhigh;2;4;small;low;0
1635;70747;high;3;2;big;high;0
1636;164578;low;3;2;big;high;0
1637;95944;high;2;4;big;high;1
1638;10866;low;4;more;small;high;2
1639;4130;vhigh;5;4;med;high;1
1640;42065;high;4;4;med;high;1
1641;196157;med;3;4;small;low;0
1642;59802;med;5;more;med;low;0
1643;63905;med;2;more;med;high;2
1644;83316;vhigh;2;more;big;high;0
1645;179343;high;3;more;big;med;0
1646;166558;low;2;4;med;low;0
1647;172149;low;2;2;big;high;0
1648;104067;vhigh;3;2;med;low;0
1649;112682;high;4;more;big;high;1
1650;183503;low;3;4;small;med;0
1651;48809;low;3;4;big;low;0
1652;47360;high;2;4;med;low;0
1653;1187;high;4;2;big;high;0
1654;153941;vhigh;4;4;small;high;0
1655;22084;vhigh;3;2;med;med;0
1656;17770;low;4;2;med;med;0
1657;30104;med;2;2;med;med;0
1658;174540;med;5;more;med;low;0
1659;198725;vhigh;4;2;big;med;0
1660;4610;vhigh;5;4;med;high;1
1661;75810;med;2;2;small;low;0
1662;190021;high;5;4;big;low;0
1663;81051;vhigh;5;2;big;high;0
1664;4353;med;5;more;med;med;2
1665;17647;med;4;2;big;high;0
1666;98645;vhigh;2;more;med;low;0
1667;117171;low;2;4;med;med;1
1668;179669;high;3;more;small;med;0
1669;190626;low;2;4;med;med;0
1670;127914;med;4;4;small;high;1
1671;24657;med;4;more;big;high;1
1672;62280;vhigh;4;2;big;low;0
1673;5934;vhigh;4;more;med;low;0
1674;31539;vhigh;3;2;big;med;0
1675;131909;med;2;4;big;high;1
1676;40511;low;3;2;big;med;0
1677;45166;low;5;4;big;low;0
1678;46329;med;2;2;big;med;0
1679;45688;med;3;more;small;high;1
1680;47288;vhigh;3;more;med;high;1
1681;74588;vhigh;2;2;big;high;0
1682;24086;low;5;4;small;med;1
1683;16892;low;5;2;small;low;0
1684;55918;med;3;4;big;med;1
1685;51876;vhigh;3;4;med;med;0
1686;57529;high;2;more;med;high;1
1687;77723;vhigh;5;4;small;high;0
1688;18194;high;4;2;small;med;0
1689;92822;high;4;more;med;high;1
1690;153949;med;5;more;small;low;0
1691;146651;med;2;more;small;med;0
1692;66452;vhigh;5;4;big;med;0
1693;21178;low;2;4;big;low;0
1694;198332;vhigh;2;4;med;high;0
1695;44491;high;3;2;big;low;0
1696;73722;med;3;4;small;high;1
1697;30958;low;2;4;small;med;1
1698;109235;med;2;more;small;high;0
1699;134721;vhigh;3;2;med;med;0
1700;41941;high;5;more;small;med;0
1701;96425;med;2;more;small;med;0
1702;130857;high;5;2;big;low;0
1703;159274;high;3;2;small;high;0
1704;38579;high;5;4;big;low;0
1705;44628;vhigh;3;4;big;low;0
1706;113567;med;5;more;med;med;1
1707;130231;vhigh;3;more;big;low;0
1708;9162;low;5;2;big;low;0
1709;1152;low;5;2;big;high;0
1710;78077;low;4;2;big;med;0
1711;13777;vhigh;5;4;small;med;0
1712;72182;low;5;4;small;high;2
1713;12510;med;4;2;small;low;0
1714;90015;med;2;more;small;med;0
1715;15216;low;4;2;big;high;0
1716;63892;low;2;2;big;low;0
1717;22387;vhigh;2;4;big;high;0
1718;93921;med;2;4;big;med;1
1719;57696;low;2;2;big;med;0
1720;85393;med;5;4;big;high;1
1721;51201;low;5;4;small;high;1
1722;135615;high;5;4;small;high;0
1723;27081;med;2;2;small;low;0
1724;33399;low;5;more;small;low;0
1725;168629;med;3;4;med;low;0
1726;183491;med;5;4;small;med;0
1727;90896;vhigh;5;2;med;high;0
1728;26132;med;4;4;small;low;0